<ImportExportXml xmlns:xsi="http://www.w3.org/2001/XMLSchema-instance">
  <Entities></Entities>
  <Roles></Roles>
  <Workflows></Workflows>
  <FieldSecurityProfiles></FieldSecurityProfiles>
  <Templates />
  <RibbonDiffXml>
    <CustomActions>
      <CustomAction Id="mag.AddGlobalAdvancedFind.Button1.CustomAction" Location="Mscrm.BasicHomeTab.New.Controls._children" Sequence="5">
        <CommandUIDefinition>
          <Button Command="mag.AddGlobalAdvancedFind.Command" Id="mag.AddGlobalAdvancedFind.Button1" LabelText="$LocLabels:mag.AddGlobalAdvancedFind.Button1.LabelText" Sequence="5" TemplateAlias="o1" />
        </CommandUIDefinition>
      </CustomAction>
      <CustomAction Id="mag.AddGlobalAdvancedFind.Button2.CustomAction" Location="Mscrm.DashboardTab.Management.Controls._children" Sequence="5">
        <CommandUIDefinition>
          <Button Command="mag.AddGlobalAdvancedFind.Command" Id="mag.AddGlobalAdvancedFind.Button2" LabelText="$LocLabels:mag.AddGlobalAdvancedFind.Button2.LabelText" Sequence="5" TemplateAlias="o1" />
        </CommandUIDefinition>
      </CustomAction>
      <CustomAction Id="mag.AddGlobalAdvancedFind.Button3.CustomAction" Location="Mscrm.AptbookTab.New.Controls._children" Sequence="5">
        <CommandUIDefinition>
          <Button Command="mag.AddGlobalAdvancedFind.Command" Id="mag.AddGlobalAdvancedFind.Button3" LabelText="$LocLabels:mag.AddGlobalAdvancedFind.Button3.LabelText" Sequence="5" TemplateAlias="o1" />
        </CommandUIDefinition>
      </CustomAction>
      <CustomAction Id="mag.AddGlobalAdvancedFind.Button4.CustomAction" Location="Mscrm.HomepageGrid.{!EntityLogicalName}.MainTab.Management.Controls._children" Sequence="10">
        <CommandUIDefinition>
          <Button Command="mag.AddGlobalAdvancedFind.Command" Id="mag.AddGlobalAdvancedFind.Button4" LabelText="$LocLabels:mag.AddGlobalAdvancedFind.Button4.LabelText" Sequence="10" TemplateAlias="o5" />
        </CommandUIDefinition>
      </CustomAction>
      <CustomAction Id="mag.AddGlobalAdvancedFind.Button5.CustomAction" Location="Mscrm.Form.{!EntityLogicalName}.MainTab.Save.Controls._children" Sequence="5">
        <CommandUIDefinition>
          <Button Command="mag.AddGlobalAdvancedFind.Command" Id="mag.AddGlobalAdvancedFind.Button5" LabelText="$LocLabels:mag.AddGlobalAdvancedFind.Button5.LabelText" Sequence="5" TemplateAlias="o1" />
        </CommandUIDefinition>
      </CustomAction>
    </CustomActions>
    <Templates>
      <RibbonTemplates Id="Mscrm.Templates"></RibbonTemplates>
    </Templates>
    <CommandDefinitions>
      <CommandDefinition Id="mag.AddGlobalAdvancedFind.Command">
        <EnableRules>
          <EnableRule Id="mag.AddGlobalAdvancedFindCommand.EnableRule" />
        </EnableRules>
        <DisplayRules />
        <Actions />
      </CommandDefinition>
    </CommandDefinitions>
    <RuleDefinitions>
      <TabDisplayRules />
      <DisplayRules />
      <EnableRules>
        <EnableRule Id="mag.AddGlobalAdvancedFindCommand.EnableRule">
          <CustomRule FunctionName="addAdvFindToCommandBar" Library="$webresource:mag_/js/globaladvancedfind_min.js" />
        </EnableRule>
      </EnableRules>
    </RuleDefinitions>
    <LocLabels>
      <LocLabel Id="mag.AddGlobalAdvancedFind.Button1.LabelText">
        <Titles>
          <Title description="Button" languagecode="1033" />
        </Titles>
      </LocLabel>
      <LocLabel Id="mag.AddGlobalAdvancedFind.Button2.LabelText">
        <Titles>
          <Title description="Button" languagecode="1033" />
        </Titles>
      </LocLabel>
      <LocLabel Id="mag.AddGlobalAdvancedFind.Button3.LabelText">
        <Titles>
          <Title description="Button" languagecode="1033" />
        </Titles>
      </LocLabel>
      <LocLabel Id="mag.AddGlobalAdvancedFind.Button4.LabelText">
        <Titles>
          <Title description="Button" languagecode="1033" />
        </Titles>
      </LocLabel>
      <LocLabel Id="mag.AddGlobalAdvancedFind.Button5.LabelText">
        <Titles>
          <Title description="Button" languagecode="1033" />
        </Titles>
      </LocLabel>
    </LocLabels>
  </RibbonDiffXml>
  <EntityMaps />
  <EntityRelationships />
  <OrganizationSettings />
  <optionsets />
  <WebResources>
    <WebResource>
      <WebResourceId>{f5c87d88-7d17-e411-93f5-00155d048d0d}</WebResourceId>
      <Name>mag_/js/globaladvancedfind.js</Name>
      <DisplayName>/js/globaladvancedfind.js</DisplayName>
      <WebResourceType>3</WebResourceType>
      <IntroducedVersion>1.0.0.0</IntroducedVersion>
      <IsCustomizable>1</IsCustomizable>
      <CanBeDeleted>1</CanBeDeleted>
      <IsHidden>0</IsHidden>
      <FileName>/WebResources/mag_jsglobaladvancedfindjsF5C87D88-7D17-E411-93F5-00155D048D0D</FileName>
    </WebResource>
    <WebResource>
      <WebResourceId>{7d7c4ca6-7d17-e411-93f5-00155d048d0d}</WebResourceId>
      <Name>mag_/img/globaladvancedfind.png</Name>
      <DisplayName>/img/globaladvancedfind.png</DisplayName>
      <WebResourceType>5</WebResourceType>
      <IntroducedVersion>1.0.0.0</IntroducedVersion>
      <IsCustomizable>1</IsCustomizable>
      <CanBeDeleted>1</CanBeDeleted>
      <IsHidden>0</IsHidden>
      <FileName>/WebResources/mag_imgglobaladvancedfindpng7D7C4CA6-7D17-E411-93F5-00155D048D0D</FileName>
    </WebResource>
    <WebResource>
      <WebResourceId>{22492228-8017-e411-93f5-00155d048d0d}</WebResourceId>
      <Name>mag_/js/globaladvancedfind_min.js</Name>
      <DisplayName>/js/globaladvancedfind_min.js</DisplayName>
      <WebResourceType>3</WebResourceType>
      <IntroducedVersion>1.0.0.0</IntroducedVersion>
      <IsCustomizable>1</IsCustomizable>
      <CanBeDeleted>1</CanBeDeleted>
      <IsHidden>0</IsHidden>
      <FileName>/WebResources/mag_jsglobaladvancedfind_minjs22492228-8017-E411-93F5-00155D048D0D</FileName>
    </WebResource>
  </WebResources>
  <Languages>
    <Language>1033</Language>
  </Languages>
</ImportExportXml>